201,肉の庭,stores/10.jpg,"Offer Delicious Food",41,85,63870-7164,"North Sigurdmouth",08:00:00,22:00:00,11,30,,
202,"CRAFT BEER NAGOYA2",stores/11.jpg,"Offer Delicious Food",35,93,77507,Ebertview,08:00:00,22:00:00,5,31,,
203,麺屋やしろ,stores/12.jpg,"Offer Delicious Food",39,95,98020-6949,Parkerbury,08:00:00,22:00:00,13,35,,
204,"ハワイアンバーベキュー 名古屋店",stores/13.jpg,"Offer Delicious Food",49,86,40319-5012,Lorenzshire,08:00:00,22:00:00,11,32,,
205,"日本酒処 花雅",stores/14.jpg,"Offer Delicious Food",21,96,97571,Purdyview,08:00:00,22:00:00,10,29,,
206,なわ,stores/15.jpg,"Offer Delicious Food",47,52,71572-1454,"North Lucile",08:00:00,22:00:00,16,41,,
207,お酒とご飯,stores/16.jpg,"Offer Delicious Food",41,77,93208,"Port Viola",08:00:00,22:00:00,17,24,,
208,"焼肉SUKI 名古屋新幹線口店",stores/17.jpg,"Offer Delicious Food",49,97,41163-0024,"South Wilfridfort",08:00:00,22:00:00,18,24,,
209,"焼き鳥 はなれ",stores/18.jpg,"Offer Delicious Food",48,100,58127,Maggioberg,08:00:00,22:00:00,5,44,,
210,割烹旬菜花,stores/19.jpg,"Offer Delicious Food",38,84,04933,"North Bethany",08:00:00,22:00:00,17,45,,
211,"NAGOYA BURGER 名駅店",stores/0.jpg,"Offer Delicious Food",39,81,30991,Dayanastad,08:00:00,22:00:00,1,27,,
212,Shanties,stores/1.jpg,"Offer Delicious Food",38,67,06524,Kuhnside,08:00:00,22:00:00,2,31,,
213,"割烹 柏木",stores/2.jpg,"Offer Delicious Food",20,80,99135-6589,Lucienneton,08:00:00,22:00:00,3,20,,
214,"油そば専門店ブラブラ 半田店",stores/3.jpg,"Offer Delicious Food",48,85,38438,Reichertchester,08:00:00,22:00:00,4,46,,
215,"にく屋 浄心店",stores/4.jpg,"Offer Delicious Food",28,89,76488,"West Santiagoland",08:00:00,22:00:00,5,49,,
216,TRED,stores/5.jpg,"Offer Delicious Food",31,85,16594-8283,Hudsonfurt,08:00:00,22:00:00,1,25,,
217,きんやま,stores/6.jpg,"Offer Delicious Food",21,81,37359,Kesslertown,08:00:00,22:00:00,7,44,,
218,"NAGOYA BURGER 名古屋店",stores/7.jpg,"Offer Delicious Food",26,81,54161,"New Lauren",08:00:00,22:00:00,8,35,,
219,焼肉小山,stores/8.jpg,"Offer Delicious Food",46,67,51595-7616,Nathanport,08:00:00,22:00:00,9,47,,
220,"焼き鳥七輪 栄住吉店",stores/9.jpg,"Offer Delicious Food",43,64,52187-6080,"Lake Ashtyn",08:00:00,22:00:00,10,32,,
221,肉の庭,stores/10.jpg,"Offer Delicious Food",41,85,63870-7164,"North Sigurdmouth",08:00:00,22:00:00,11,30,,
222,"CRAFT BEER NAGOYA2",stores/11.jpg,"Offer Delicious Food",35,93,77507,Ebertview,08:00:00,22:00:00,5,31,,
223,麺屋やしろ,stores/12.jpg,"Offer Delicious Food",39,95,98020-6949,Parkerbury,08:00:00,22:00:00,13,35,,
224,"ハワイアンバーベキュー 名古屋店",stores/13.jpg,"Offer Delicious Food",49,86,40319-5012,Lorenzshire,08:00:00,22:00:00,11,32,,
225,"日本酒処 花雅",stores/14.jpg,"Offer Delicious Food",21,96,97571,Purdyview,08:00:00,22:00:00,10,29,,
226,なわ,stores/15.jpg,"Offer Delicious Food",47,52,71572-1454,"North Lucile",08:00:00,22:00:00,16,41,,
227,お酒とご飯,stores/16.jpg,"Offer Delicious Food",41,77,93208,"Port Viola",08:00:00,22:00:00,17,24,,
228,"焼肉SUKI 名古屋新幹線口店",stores/17.jpg,"Offer Delicious Food",49,97,41163-0024,"South Wilfridfort",08:00:00,22:00:00,18,24,,
229,"焼き鳥 はなれ",stores/18.jpg,"Offer Delicious Food",48,100,58127,Maggioberg,08:00:00,22:00:00,5,44,,
230,割烹旬菜花,stores/19.jpg,"Offer Delicious Food",38,84,04933,"North Bethany",08:00:00,22:00:00,17,45,,
231,"ちゃんこ屋 あかね",stores/20.jpg,"Offer Delicious Food",33,63,32404-0863,"Lake Melisa",08:00:00,22:00:00,16,36,,
232,"NAGOYA BURGER 名駅店",stores/0.jpg,"Offer Delicious Food",39,81,30991,Dayanastad,08:00:00,22:00:00,1,27,,
233,Shanties,stores/1.jpg,"Offer Delicious Food",38,67,06524,Kuhnside,08:00:00,22:00:00,2,31,,
234,"割烹 柏木",stores/2.jpg,"Offer Delicious Food",20,80,99135-6589,Lucienneton,08:00:00,22:00:00,3,20,,
235,"油そば専門店ブラブラ 半田店",stores/3.jpg,"Offer Delicious Food",48,85,38438,Reichertchester,08:00:00,22:00:00,4,46,,
236,"にく屋 浄心店",stores/4.jpg,"Offer Delicious Food",28,89,76488,"West Santiagoland",08:00:00,22:00:00,5,49,,
237,TRED,stores/5.jpg,"Offer Delicious Food",31,85,16594-8283,Hudsonfurt,08:00:00,22:00:00,1,25,,
238,きんやま,stores/6.jpg,"Offer Delicious Food",21,81,37359,Kesslertown,08:00:00,22:00:00,7,44,,
239,"NAGOYA BURGER 名古屋店",stores/7.jpg,"Offer Delicious Food",26,81,54161,"New Lauren",08:00:00,22:00:00,8,35,,
240,焼肉小山,stores/8.jpg,"Offer Delicious Food",46,67,51595-7616,Nathanport,08:00:00,22:00:00,9,47,,
241,"焼き鳥七輪 栄住吉店",stores/9.jpg,"Offer Delicious Food",43,64,52187-6080,"Lake Ashtyn",08:00:00,22:00:00,10,32,,
242,肉の庭,stores/10.jpg,"Offer Delicious Food",41,85,63870-7164,"North Sigurdmouth",08:00:00,22:00:00,11,30,,
243,"CRAFT BEER NAGOYA2",stores/11.jpg,"Offer Delicious Food",35,93,77507,Ebertview,08:00:00,22:00:00,5,31,,
244,麺屋やしろ,stores/12.jpg,"Offer Delicious Food",39,95,98020-6949,Parkerbury,08:00:00,22:00:00,13,35,,
245,"ハワイアンバーベキュー 名古屋店",stores/13.jpg,"Offer Delicious Food",49,86,40319-5012,Lorenzshire,08:00:00,22:00:00,11,32,,
246,"日本酒処 花雅",stores/14.jpg,"Offer Delicious Food",21,96,97571,Purdyview,08:00:00,22:00:00,10,29,,
247,なわ,stores/15.jpg,"Offer Delicious Food",47,52,71572-1454,"North Lucile",08:00:00,22:00:00,16,41,,
248,お酒とご飯,stores/16.jpg,"Offer Delicious Food",41,77,93208,"Port Viola",08:00:00,22:00:00,17,24,,
249,"焼肉SUKI 名古屋新幹線口店",stores/17.jpg,"Offer Delicious Food",49,97,41163-0024,"South Wilfridfort",08:00:00,22:00:00,18,24,,
250,"焼き鳥 はなれ",stores/18.jpg,"Offer Delicious Food",48,100,58127,Maggioberg,08:00:00,22:00:00,5,44,,
251,割烹旬菜花,stores/19.jpg,"Offer Delicious Food",38,84,04933,"North Bethany",08:00:00,22:00:00,17,45,,
252,"ちゃんこ屋 あかね",stores/20.jpg,"Offer Delicious Food",33,63,32404-0863,"Lake Melisa",08:00:00,22:00:00,16,36,,
253,肉の庭半田店,stores/21.jpg,"Offer Delicious Food",41,81,68132,Thelmaton,08:00:00,22:00:00,22,30,,
254,"NAGOYA BURGER 名駅店",stores/0.jpg,"Offer Delicious Food",39,81,30991,Dayanastad,08:00:00,22:00:00,1,27,,
255,Shanties,stores/1.jpg,"Offer Delicious Food",38,67,06524,Kuhnside,08:00:00,22:00:00,2,31,,
256,"割烹 柏木",stores/2.jpg,"Offer Delicious Food",20,80,99135-6589,Lucienneton,08:00:00,22:00:00,3,20,,
257,"油そば専門店ブラブラ 半田店",stores/3.jpg,"Offer Delicious Food",48,85,38438,Reichertchester,08:00:00,22:00:00,4,46,,
258,"にく屋 浄心店",stores/4.jpg,"Offer Delicious Food",28,89,76488,"West Santiagoland",08:00:00,22:00:00,5,49,,
259,TRED,stores/5.jpg,"Offer Delicious Food",31,85,16594-8283,Hudsonfurt,08:00:00,22:00:00,1,25,,
260,きんやま,stores/6.jpg,"Offer Delicious Food",21,81,37359,Kesslertown,08:00:00,22:00:00,7,44,,
261,"NAGOYA BURGER 名古屋店",stores/7.jpg,"Offer Delicious Food",26,81,54161,"New Lauren",08:00:00,22:00:00,8,35,,
262,焼肉小山,stores/8.jpg,"Offer Delicious Food",46,67,51595-7616,Nathanport,08:00:00,22:00:00,9,47,,
263,"焼き鳥七輪 栄住吉店",stores/9.jpg,"Offer Delicious Food",43,64,52187-6080,"Lake Ashtyn",08:00:00,22:00:00,10,32,,
264,肉の庭,stores/10.jpg,"Offer Delicious Food",41,85,63870-7164,"North Sigurdmouth",08:00:00,22:00:00,11,30,,
265,"CRAFT BEER NAGOYA2",stores/11.jpg,"Offer Delicious Food",35,93,77507,Ebertview,08:00:00,22:00:00,5,31,,
266,麺屋やしろ,stores/12.jpg,"Offer Delicious Food",39,95,98020-6949,Parkerbury,08:00:00,22:00:00,13,35,,
267,"ハワイアンバーベキュー 名古屋店",stores/13.jpg,"Offer Delicious Food",49,86,40319-5012,Lorenzshire,08:00:00,22:00:00,11,32,,
268,"日本酒処 花雅",stores/14.jpg,"Offer Delicious Food",21,96,97571,Purdyview,08:00:00,22:00:00,10,29,,
269,なわ,stores/15.jpg,"Offer Delicious Food",47,52,71572-1454,"North Lucile",08:00:00,22:00:00,16,41,,
270,お酒とご飯,stores/16.jpg,"Offer Delicious Food",41,77,93208,"Port Viola",08:00:00,22:00:00,17,24,,
271,"焼肉SUKI 名古屋新幹線口店",stores/17.jpg,"Offer Delicious Food",49,97,41163-0024,"South Wilfridfort",08:00:00,22:00:00,18,24,,
272,"焼き鳥 はなれ",stores/18.jpg,"Offer Delicious Food",48,100,58127,Maggioberg,08:00:00,22:00:00,5,44,,
273,割烹旬菜花,stores/19.jpg,"Offer Delicious Food",38,84,04933,"North Bethany",08:00:00,22:00:00,17,45,,
274,"ちゃんこ屋 あかね",stores/20.jpg,"Offer Delicious Food",33,63,32404-0863,"Lake Melisa",08:00:00,22:00:00,16,36,,
275,肉の庭半田店,stores/21.jpg,"Offer Delicious Food",41,81,68132,Thelmaton,08:00:00,22:00:00,22,30,,
276,オーガニック食堂Sngi,stores/22.jpg,"Offer Delicious Food",24,91,68686-4284,Wisokyton,08:00:00,22:00:00,5,41,,
277,"NAGOYA BURGER 名駅店",stores/0.jpg,"Offer Delicious Food",39,81,30991,Dayanastad,08:00:00,22:00:00,1,27,,
278,Shanties,stores/1.jpg,"Offer Delicious Food",38,67,06524,Kuhnside,08:00:00,22:00:00,2,31,,
279,"割烹 柏木",stores/2.jpg,"Offer Delicious Food",20,80,99135-6589,Lucienneton,08:00:00,22:00:00,3,20,,
280,"油そば専門店ブラブラ 半田店",stores/3.jpg,"Offer Delicious Food",48,85,38438,Reichertchester,08:00:00,22:00:00,4,46,,
281,"にく屋 浄心店",stores/4.jpg,"Offer Delicious Food",28,89,76488,"West Santiagoland",08:00:00,22:00:00,5,49,,
282,TRED,stores/5.jpg,"Offer Delicious Food",31,85,16594-8283,Hudsonfurt,08:00:00,22:00:00,1,25,,
283,きんやま,stores/6.jpg,"Offer Delicious Food",21,81,37359,Kesslertown,08:00:00,22:00:00,7,44,,
284,"NAGOYA BURGER 名古屋店",stores/7.jpg,"Offer Delicious Food",26,81,54161,"New Lauren",08:00:00,22:00:00,8,35,,
285,焼肉小山,stores/8.jpg,"Offer Delicious Food",46,67,51595-7616,Nathanport,08:00:00,22:00:00,9,47,,
286,"焼き鳥七輪 栄住吉店",stores/9.jpg,"Offer Delicious Food",43,64,52187-6080,"Lake Ashtyn",08:00:00,22:00:00,10,32,,
287,肉の庭,stores/10.jpg,"Offer Delicious Food",41,85,63870-7164,"North Sigurdmouth",08:00:00,22:00:00,11,30,,
288,"CRAFT BEER NAGOYA2",stores/11.jpg,"Offer Delicious Food",35,93,77507,Ebertview,08:00:00,22:00:00,5,31,,
289,麺屋やしろ,stores/12.jpg,"Offer Delicious Food",39,95,98020-6949,Parkerbury,08:00:00,22:00:00,13,35,,
290,"ハワイアンバーベキュー 名古屋店",stores/13.jpg,"Offer Delicious Food",49,86,40319-5012,Lorenzshire,08:00:00,22:00:00,11,32,,
291,"日本酒処 花雅",stores/14.jpg,"Offer Delicious Food",21,96,97571,Purdyview,08:00:00,22:00:00,10,29,,
292,なわ,stores/15.jpg,"Offer Delicious Food",47,52,71572-1454,"North Lucile",08:00:00,22:00:00,16,41,,
293,お酒とご飯,stores/16.jpg,"Offer Delicious Food",41,77,93208,"Port Viola",08:00:00,22:00:00,17,24,,
294,"焼肉SUKI 名古屋新幹線口店",stores/17.jpg,"Offer Delicious Food",49,97,41163-0024,"South Wilfridfort",08:00:00,22:00:00,18,24,,
295,"焼き鳥 はなれ",stores/18.jpg,"Offer Delicious Food",48,100,58127,Maggioberg,08:00:00,22:00:00,5,44,,
296,割烹旬菜花,stores/19.jpg,"Offer Delicious Food",38,84,04933,"North Bethany",08:00:00,22:00:00,17,45,,
297,"ちゃんこ屋 あかね",stores/20.jpg,"Offer Delicious Food",33,63,32404-0863,"Lake Melisa",08:00:00,22:00:00,16,36,,
298,肉の庭半田店,stores/21.jpg,"Offer Delicious Food",41,81,68132,Thelmaton,08:00:00,22:00:00,22,30,,
299,オーガニック食堂Sngi,stores/22.jpg,"Offer Delicious Food",24,91,68686-4284,Wisokyton,08:00:00,22:00:00,5,41,,
300,"寿司 やなや",stores/23.jpg,"Offer Delicious Food",45,73,60895,Williamsonberg,08:00:00,22:00:00,11,49,,
